{"cameraMode":{"drawMode":0,"name":"Shaded","section":"Shading Mode"},"sceneLighting":true,"audioPlay":false,"sceneViewState":{"showFog":true,"showMaterialUpdate":false,"showSkybox":true,"showFlares":true,"showImageEffects":true,"showParticleSystems":true},"in2DMode":false,"pivot":{"x":4.677944660186768,"y":17.757892608642579,"z":-26.64257049560547},"rotation":{"x":0.10928022861480713,"y":0.004473042208701372,"z":-0.0004917636979371309,"w":0.9940012097358704},"size":14.658060073852539,"orthographic":false}